Organization Name,Street,City,State,Zip Code,Full Address,Latitude,Longitude,Region,Phone,Website,Agriculture,Food and Beverage,Services,Products,Healthcare,Open Entry,Loan Advice,Business Planning,Credit Health,Legal,Marketing,Finance,Operations,Leadership,Computer Skills,Bookkeeping and Accounting,Taxes,Social Media and Website,Communications,Sales,Coaching & Advising,Workshops / Training,Online Tools,English,Spanish,Mandarin,Vietnamese,Cost,Image URL
3CORE,"3120 Cohasset Road, Suite 1",Chico,CA,95973,"3120 Cohasset Road, Suite 1 Chico CA 95973 ",39.772444,-121.842815,Rural North,(530) 893-8732,www.3coreedc.org,0,0,0,1,0,1,1,1,1,0,0,0,1,0,0,0,1,1,1,0,0,0,0,1,1,0,1,Paid,http://northvalleyfoodhub.com/northvalleyfoodhub/uploads/partners/3CORE2.png
Academies for Social Entrepreneurship,"848 Amigos Way, Suite C",Newport Beach,CA,92660,"848 Amigos Way, Suite C Newport Beach CA 92660 ",33.630611,-117.877535,Los Angeles Basin Area,(949) 500-2381,www.academies-se.org,0,1,1,1,0,1,0,0,1,1,1,0,0,1,0,0,0,0,0,1,1,1,1,1,0,1,0,Traded,http://www.academies-se.org/uploads/1/6/4/0/16401384/1390673792.png
Accion San Diego,"404 Euclid Avenue, Suite 271",San Diego,CA,92114,"404 Euclid Avenue, Suite 271 San Diego CA 92114 ",32.7089861,-117.0877379,San Diego Area,(619) 795-7250,www.accionsandiego.org,1,1,0,1,0,1,1,1,1,1,0,1,1,1,1,1,0,1,0,1,0,0,1,1,1,1,1,Free,http://accionsandiego.org/images/ACCION_PRI_RGB_D.jpg
Agriculture & Land-Based Training Association (ALBA),P.O. Box 6264,Salinas,CA,93912,P.O. Box 6264 Salinas CA 93912 ,36.7,-121.67,Central Coast,(831) 758-1469,www.albafarmers.org,0,1,0,0,1,1,1,1,1,0,0,1,0,0,1,0,0,0,1,0,0,1,0,1,0,1,0,Traded,http://www.albafarmers.org/alba_color_for_web.jpg
AnewAmerica Community Corporation,"1918 University Avenue, Suite 3A",Berkeley,CA,94704,"1918 University Avenue, Suite 3A Berkeley CA 94704 ",37.8713036,-122.2724422,San Francisco Bay Area,(510) 540-7785,www.anewamerica.org,1,0,1,1,0,1,0,1,1,0,0,1,0,1,1,0,1,1,1,0,0,0,0,1,0,1,1,Traded,https://biz.prlog.org/anewamericacomcorp/logo.jpg
AnewAmerica Community Corporation - Oakland,"1470 Fruitvale Avenue, Suite 5",Oakland,CA,94601,"1470 Fruitvale Avenue, Suite 5 Oakland CA 94601 ",37.7784791,-122.2250837,San Francisco Bay Area,(510) 532-5240,www.anewamerica.org,0,1,1,1,0,0,1,1,0,0,0,1,0,1,1,1,1,0,0,1,1,0,1,1,1,0,1,Traded,https://biz.prlog.org/anewamericacomcorp/logo.jpg
AnewAmerica Community Corporation - San Jose,"210 North 4th Street, Suite 205",San Jose,CA,95112,"210 North 4th Street, Suite 205 San Jose CA 95112 ",37.3411251,-121.8895682,San Francisco Bay Area,(408) 326-2669,www.anewamerica.org,0,0,1,0,0,1,0,1,1,1,1,0,0,1,0,1,1,0,1,0,1,0,0,1,1,1,1,Paid,https://biz.prlog.org/anewamericacomcorp/logo.jpg
Apoyo Financiero,"3100 Oak Road, Suite 210",Walnut Creek,CA,94597,"3100 Oak Road, Suite 210 Walnut Creek CA 94597 ",37.9309108,-122.0583307,San Francisco Bay Area,(800) 891-2778,www.apoyo-financiero.com,1,0,0,1,0,1,0,0,1,0,1,0,1,0,1,0,1,0,1,1,1,0,0,1,0,1,1,Traded,http://images.locanto.com.ec/APOYO-FINANCIERO/vap_1330951881.jpg
Arcata Economic Development Corporation,707 K Street,Eureka,CA,95501,707 K Street Eureka CA 95501 ,40.8008371,-124.1598743,Rural North,(707) 822-4616,www.aedc1.org,0,0,0,0,0,1,1,0,0,1,1,1,1,0,0,0,0,0,0,0,1,1,0,1,0,0,1,Traded,http://files.ctctcdn.com/6229fd98001/1d13a84c-9ae2-402c-a4c8-1e66ad474f4d.jpg
Asian Business Association,"120 South San Pedro Street, Suite 523",Los Angeles,CA,90012,"120 South San Pedro Street, Suite 523 Los Angeles CA 90012 ",34.0494086,-118.2412516,Los Angeles Basin Area,(213) 628-1222,www.abala.org,1,0,1,0,0,0,0,0,0,0,0,1,0,0,1,0,0,0,1,0,1,1,0,1,1,1,0,Paid,https://media.licdn.com/media/p/2/000/1bd/321/38f6c34.png
Asian Pacific Islander Small Business Program,"231 East Third Street, Suite G106",Los Angeles,CA,90013,"231 East Third Street, Suite G106 Los Angeles CA 90013 ",34.0484464,-118.2436946,Los Angeles Basin Area,(213) 473-1605,www.apisbp.org,1,0,1,1,1,1,0,1,0,0,1,0,1,1,0,1,0,0,1,0,1,1,0,1,0,1,0,Free,http://www.platebyplate.org/wp-content/uploads/2015/04/asian-pacific-islander-small-business-program-logo.png
Bay Area Development Company,"1801 Oakland Boulevard, Suite 100",Walnut Creek,CA,94596,"1801 Oakland Boulevard, Suite 100 Walnut Creek CA 94596 ",37.9035255,-122.0691143,San Francisco Bay Area,(925) 926-1020,www.bayarea504.com,1,1,0,0,0,1,1,0,1,0,0,1,0,1,0,0,1,1,1,0,1,1,1,1,0,0,1,Paid,http://www.baydevco.com/wp-content/themes/no-frills/images/bay-area-development-company.gif
Bethel Los Angeles CDC,7900 South Western Avenue,Los Angeles,CA,90047,7900 South Western Avenue Los Angeles CA 90047 ,33.9670093,-118.3086546,Los Angeles Basin Area,(323) 751-9104,bethellacdc.com,0,0,0,1,0,0,1,0,1,1,0,0,0,1,0,0,0,0,1,0,1,0,0,1,1,0,1,Paid,http://bethellacdc.com/wp-content/themes/wp_edublog/images/bethel-logo.png
Business Resource Group,"13545 Hawthorne Boulevard, Suite 200",Hawthorne,CA,90250,"13545 Hawthorne Boulevard, Suite 200 Hawthorne CA 90250 ",33.9090813,-118.3531031,Los Angeles Basin Area,(310) 644-2500,www.bizresourcegroup.com,0,0,0,1,0,0,1,0,0,1,1,0,0,0,0,1,0,1,1,1,0,1,0,1,1,0,1,Free,https://s3.amazonaws.com/media.zip.kiva.org/images/4853/large/BRG_Logo._2.JPG
California Capital Financial Development Corporation,"1792 Tribute Road, Suite 270",Sacramento,CA,95815,"1792 Tribute Road, Suite 270 Sacramento CA 95815 ",38.5981621,-121.4457359,Sacramento Area,(916) 442-1729,www.cacapital.org,1,1,0,1,0,0,1,1,0,1,0,1,1,1,1,1,1,0,1,1,1,0,1,1,1,0,0,Paid,http://cacapital.org/wp-content/uploads/2015/02/CaliforniaCapital-Logo-rev1.png
California Coastal Rural Development Corporation,"221 Main Street, Suite 301",Salinas,CA,93901,"221 Main Street, Suite 301 Salinas CA 93901 ",36.6750733,-121.6548894,Central Coast,(831) 424-1099,www.calcoastal.org,1,0,1,1,1,1,1,0,1,0,1,1,1,0,0,0,1,1,0,0,0,1,0,1,0,0,1,Traded,http://www.calcoastal.org/
California FarmLink,"303 Potrero Street, Suite 29-201",Santa Cruz,CA,95060,"303 Potrero Street, Suite 29-201 Santa Cruz CA 95060 ",36.981582,-122.0314097,Central Coast,(831) 425-0303,www.californiafarmlink.org,1,1,1,1,0,0,0,1,0,1,0,0,1,0,1,0,0,0,1,0,0,1,0,1,1,1,1,Paid,http://1.bp.blogspot.com/-HZJ1VSIUw9w/VxkMYvX7w7I/AAAAAAAAAUg/rVpBjoXnqUQX_Y2ibJpFV2f4KfLPC55uwCK4B/s185/FarmLink_logo_Color.png
California FarmLink - Central Valley,"303 Potrero Street, Suite 29-201",Santa Cruz,CA,95060,"303 Potrero Street, Suite 29-201 Santa Cruz CA 95060 ",36.981582,-122.0314097,Central Valley,(916) 538-9619,www.californiafarmlink.org,0,1,0,1,0,0,1,0,1,1,1,0,0,0,1,1,0,0,1,1,0,0,1,1,1,1,1,Free,http://1.bp.blogspot.com/-HZJ1VSIUw9w/VxkMYvX7w7I/AAAAAAAAAUg/rVpBjoXnqUQX_Y2ibJpFV2f4KfLPC55uwCK4B/s185/FarmLink_logo_Color.png
California FarmLink - North Coast,"303 Potrero Street, Suite 29-201",Santa Cruz,CA,95060,"303 Potrero Street, Suite 29-201 Santa Cruz CA 95060 ",36.981582,-122.0314097,Rural North,(707) 347-9309,www.californiafarmlink.org,1,0,0,1,0,1,0,0,0,0,0,1,1,1,1,1,1,1,0,1,0,0,0,1,1,0,0,Free,http://1.bp.blogspot.com/-HZJ1VSIUw9w/VxkMYvX7w7I/AAAAAAAAAUg/rVpBjoXnqUQX_Y2ibJpFV2f4KfLPC55uwCK4B/s185/FarmLink_logo_Color.png
California Resources and Training (CARAT),"300 Frank Ogawa Plaza, Suite 175",Oakland,CA,94612,"300 Frank Ogawa Plaza, Suite 175 Oakland CA 94612 ",37.8057851,-122.2711244,San Francisco Bay Area,(510) 451-2545,www.caratnet.org,0,1,0,1,0,1,1,0,0,1,1,1,1,0,1,0,0,1,0,0,0,0,1,1,1,0,0,Free,http://www.ebsmallbusiness.com/images/CARAT%20Logo.jpg
California State University at Monterey Bay Small Business Development Center (SBDC),106 Lincoln Avenue,Salinas,CA,93901,106 Lincoln Avenue Salinas CA 93901 ,36.6763156,-121.6578123,Central Coast,(831) 422-6232,sbdc.csumb.edu,1,0,0,1,0,1,1,0,1,1,0,0,1,0,1,1,1,1,1,1,1,1,0,1,0,0,0,Paid,http://businessstreetonline.com/wp-content/uploads/2013/11/casbdc_ucm_logo_.jpg
Casa Allegra Community Services,"35 Mitchell Boulevard, Suite 8",San Rafael,CA,94903,"35 Mitchell Boulevard, Suite 8 San Rafael CA 94903 ",38.0173556,-122.5392432,San Francisco Bay Area,(415) 499-1116,www.casaallegra.org,0,0,0,0,1,0,0,0,1,0,0,0,0,1,0,1,0,0,1,0,0,1,1,1,0,1,1,Traded,http://www.casaallegra.org/images/logos/CACSLogo321_415x90.jpg
Catherine Marshall,4109 Stanley Boulevard,Pleasanton,CA,94566-6290,4109 Stanley Boulevard Pleasanton CA 94566-6290 ,37.667261,-121.870518,San Francisco Bay Area,(925) 426-5323,www.capbuilders.org,1,1,1,1,0,0,0,0,0,1,0,1,0,1,0,0,1,0,1,1,0,0,0,1,1,0,1,Free,http://www.capbuilders.org/images/banner_top_home_061110.gif
CDC Small Business Finance,"2448 Historic Decatur Road, Suite 200",San Diego,CA,92106,"2448 Historic Decatur Road, Suite 200 San Diego CA 92106 ",32.7359084,-117.2156974,San Diego Area,(619) 291-3594,www.cdcloans.com,1,0,0,0,0,0,0,1,0,1,1,0,1,0,1,0,1,1,1,1,0,1,1,1,0,0,0,Traded,http://www.sandiegobusiness.org/sites/default/files/images/CDC-Logo-clear.png
CDC Small Business Finance - Inland Empire,"1650 Iowa Avenue, Suite 150",Riverside,CA,92507,"1650 Iowa Avenue, Suite 150 Riverside CA 92507 ",33.9963287,-117.3391534,Inland Empire,(951) 905-5701,www.cdcloans.com,1,1,0,0,1,1,0,1,0,1,0,1,0,1,1,0,1,1,0,0,0,1,1,1,1,1,0,Traded,http://www.sandiegobusiness.org/sites/default/files/images/CDC-Logo-clear.png
CDC Small Business Finance - Orange County,"3200 El Camino Real, Suite 160",Irvine,CA,92602,"3200 El Camino Real, Suite 160 Irvine CA 92602 ",33.7193987,-117.7899024,Los Angeles Basin Area,(714) 550-5444,www.cdcloans.com,1,0,1,0,1,0,1,0,1,0,1,0,0,0,0,1,0,0,0,1,1,0,0,1,0,1,0,Free,http://www.sandiegobusiness.org/sites/default/files/images/CDC-Logo-clear.png
CDC Small Business Finance - Sacramento,"1545 River Park Drive, Suite 405",Sacramento,CA,95815,"1545 River Park Drive, Suite 405 Sacramento CA 95815 ",38.6005921,-121.4353422,Sacramento Area,(916) 565-8100,www.cdcloans.com,0,0,0,1,0,1,0,0,0,1,1,0,0,0,0,1,1,0,0,1,1,1,1,1,1,0,1,Free,http://www.sandiegobusiness.org/sites/default/files/images/CDC-Logo-clear.png
"Center for Agriculture, Dairy, and Rural Development","101 North Irwin Street, Suite C",Hanford,CA,93230,"101 North Irwin Street, Suite C Hanford CA 93230 ",36.3257372,-119.646568,Central Valley,,www.vsbdc.com,0,1,1,0,1,0,0,1,0,0,1,0,0,1,0,1,0,0,1,1,1,0,1,1,1,1,1,Paid,http://lib.dr.iastate.edu/assets/md5images/4922b07234802e2a4dec54e5899bd130.jpg
Central Coast Small Business Development Center (SBDC),"Cabrillo College 6500 Soquel Drive, Suite 2100C",Aptos,CA,95003,"Cabrillo College 6500 Soquel Drive, Suite 2100C Aptos CA 95003 ",36.9887193,-121.9252975,Central Coast,(831) 479-6136,centralcoastsbdc.org,1,1,0,0,1,0,0,1,0,0,0,1,1,0,0,1,1,1,0,0,1,1,0,1,0,1,0,Free,http://www.cabrillo.edu/services/extension/downloads/2015%20Norcal%20CCSBDC%20Wide%20Logo%20Color%20with%20Cabrillo.jpg
Centro Community Partners,"825 Washington Street, Suite 228",Oakland,CA,94607,"825 Washington Street, Suite 228 Oakland CA 94607 ",37.8012631,-122.2749003,San Francisco Bay Area,(510) 830-3204,www.centrocommunity.org,0,0,0,1,1,0,0,1,0,0,0,0,0,0,0,1,1,0,0,1,1,1,0,1,1,0,1,Paid,http://www.urbansolutionssf.org/wp-content/uploads/2015/02/header_logo.png
Chinatown Service Center,"767 North Hill Street, Suite 400",Los Angeles,CA,90012,"767 North Hill Street, Suite 400 Los Angeles CA 90012 ",34.0626634,-118.2400525,Los Angeles Basin Area,(213) 808-1768,www.cscla.org,1,0,0,1,0,1,0,1,1,0,0,0,1,1,1,1,1,1,1,0,1,0,1,1,0,1,1,Free,http://cscla.org/c5/files/5913/5424/4222/CSCLA_Logo.png
CIELO,"16787 Beach Boulevard, Suite 233",Huntington Beach,CA,92647,"16787 Beach Boulevard, Suite 233 Huntington Beach CA 92647 ",33.7187317,-117.9896945,Los Angeles Basin Area,(949) 891-2044,www.cielocommunity.org,0,0,0,0,1,1,1,1,1,1,1,0,1,0,0,0,1,1,0,0,1,0,0,1,1,0,1,Traded,http://cielocom.wpengine.com/wp-content/uploads/2015/10/sitelogo-cielo.png
"City of LA Business Source, Harbor Region",455 W. 6th St.,San Pedro,CA,90731,455 W. 6th St. San Pedro CA 90731 ,33.738499,-118.286868,Los Angeles Basin Area,(310) 221-0644,www.lasmallbusiness.org,1,1,0,0,0,0,0,0,0,0,1,0,0,1,1,0,1,1,0,0,1,0,1,1,0,1,0,Traded,http://www.losangelesworks.org/images/pageFeatImg/bizResourcePageHeader.png
"City of LA Business Source, Hollywood",4311 Melrose Avenue,Los Angeles,CA,90029,4311 Melrose Avenue Los Angeles CA 90029 ,34.0838782,-118.2942311,Los Angeles Basin Area,(323) 454-6115,www.lasmallbusiness.org,1,0,0,1,0,0,1,0,0,1,0,0,1,0,1,0,0,0,1,1,1,0,1,1,1,0,0,Paid,http://www.losangelesworks.org/images/pageFeatImg/bizResourcePageHeader.png
City of Oroville,Business Assistance & Housing Development 1735 Montgomery Street,Oroville,CA,95965,Business Assistance & Housing Development 1735 Montgomery Street Oroville CA 95965 ,39.51284,-121.5583241,Sacramento Area,(530) 538-4307,www.cityoforoville.org,1,1,1,1,0,0,1,1,1,1,0,0,0,0,0,1,0,1,0,1,1,1,0,1,1,0,1,Paid,http://www.cityoforoville.org/Modules/ShowImage.aspx?imageid=668
Coachella Valley Women's Business Center (CVWBC),"77-806 Flora Road, Suite C",Palm Desert,CA,92211,"77-806 Flora Road, Suite C Palm Desert CA 92211 ",33.7685475,-116.306183,Inland Empire,(760) 345-9200,www.cvwbc.org,0,1,0,1,1,1,0,0,0,0,1,1,0,0,0,1,1,0,0,0,1,0,0,1,0,1,1,Free,http://www.cvwbc.org/graphics/top.png
"Community Action Agency of Butte County, Inc.","370 Ryan Avenue, Suite 124",Chico,CA,95973,"370 Ryan Avenue, Suite 124 Chico CA 95973 ",39.806654,-121.854593,Rural North,(530) 712-2600,www.buttecaa.com,0,1,0,0,0,0,0,0,0,0,1,0,0,0,0,0,1,1,1,0,1,1,1,1,0,1,1,Free,https://buttecaa.com/images/design/default/logo.png
Community Action Partnership of Sonoma County,1300 North Dutton Avenue,Santa Rosa,CA,95401,1300 North Dutton Avenue Santa Rosa CA 95401 ,38.4499961,-122.733176,Rural North,(707) 544-6911,www.capsonoma.org,1,1,1,1,1,0,1,0,1,1,0,1,1,0,0,1,0,1,0,1,1,1,1,1,1,0,1,Traded,http://www.capsonoma.org/wp-content/uploads/2015/05/CAPLogo2015_v3_h160px.png
Community Development Department of Los Angeles,"1200 West 7th Street, Floors 4 and 6",Los Angeles,CA,90017,"1200 West 7th Street, Floors 4 and 6 Los Angeles CA 90017 ",34.0543797,-118.2672801,Los Angeles Basin Area,(213) 744-7300,cdd.lacity.org/bus_index.html,1,1,1,0,0,1,1,1,0,0,0,0,1,0,1,1,1,1,1,0,0,0,0,1,0,0,1,Paid,http://www.shredsource.com/wp-content/uploads/2012/01/deparment-of-development.jpg
Community Development Services,3895 Main Street,Kelseyville,CA,95451,3895 Main Street Kelseyville CA 95451 ,38.977625,-122.839052,Rural North,(707) 279-1540,,0,0,0,0,1,1,0,1,1,1,1,0,0,0,1,1,1,1,1,1,1,1,0,1,0,0,1,Free,http://granitenet.com.au/assets/images/CDS%20Logo.jpg
Contra Costa Small Business Development Center (SBDC),"300 Ellinwood Way, Suite 300",Pleasant Hill,CA,94523,"300 Ellinwood Way, Suite 300 Pleasant Hill CA 94523 ",37.9588352,-122.0536755,San Francisco Bay Area,(925) 602-6844,www.contracostasbdc.com,1,1,1,0,0,0,0,1,0,0,0,0,0,0,0,1,0,1,0,0,1,0,1,1,0,0,1,Free,https://s3-media4.fl.yelpcdn.com/bphoto/j92HcyQ061UpHDUbJ_8gjA/ls.jpg
Crowdfund Better,2123 South Bronson Avenue,Los Angeles,CA,90018,2123 South Bronson Avenue Los Angeles CA 90018 ,34.038071,-118.331072,Los Angeles Basin Area,(646) 783-8814,www.crowdfundbetter.com,0,0,0,1,1,0,1,0,0,1,0,1,1,0,0,0,1,1,0,0,1,0,1,1,1,0,1,Traded,http://crowdfundbetter.com/wp-content/uploads/2015/05/Crowdfund-Logo-on-white5.png
Cutting Edge Capital,"436 14th Street, Suite 1120",Oakland,CA,94612,"436 14th Street, Suite 1120 Oakland CA 94612 ",37.8043674,-122.2706567,San Francisco Bay Area,(510) 834-4530,www.cuttingedgecapital.com,1,0,1,0,0,0,1,1,0,1,0,1,1,1,1,0,0,1,0,0,1,0,0,1,0,1,1,Free,http://www.cuttingedgecapital.com/wp-content/uploads/logo_top.jpg
East Bay Asian Local Development Corporation (EBALDC),"1825 San Pablo Avenue, Suite 200",Oakland,CA,94612,"1825 San Pablo Avenue, Suite 200 Oakland CA 94612 ",37.808281,-122.272855,San Francisco Bay Area,(510) 287-5353,ebaldc.org,1,1,1,0,0,0,1,0,0,0,0,1,1,1,1,0,1,0,1,1,1,1,0,1,1,1,0,Traded,http://ebaldc.org/sites/all/themes/ebaldc/logo.png
Easter Seals/WorkFirst Southern California,401 South Ivy Street,Escondido,CA,92025,401 South Ivy Street Escondido CA 92025 ,33.1203456,-117.0761152,San Diego Area,(760) 737-3990,southerncal.easterseals.com,1,1,0,0,0,0,0,1,0,1,0,1,1,0,1,1,0,0,1,1,1,1,1,1,1,1,1,Paid,http://www.easterseals.com/assets/wrapper-images/easter-seals-logo.png
Economic Development & Financing Corporation (EDFC),"205 North Bush Street, Suite 252",Ukiah,CA,95482,"205 North Bush Street, Suite 252 Ukiah CA 95482 ",39.1500193,-123.2116244,Rural North,(707) 234-5705,www.edfc.org,1,0,0,0,0,0,0,1,0,1,0,0,0,0,1,1,0,0,0,1,0,1,1,1,0,0,1,Paid,http://edfc.org/wp-content/uploads/2015/09/cropped-edfc.icon_.2.jpg
Elizabeth de Renzy Evaluations Services and Consulting,923 Minnesota Street,San Francisco,CA,94107,923 Minnesota Street San Francisco CA 94107 ,37.758767,-122.389986,San Francisco Bay Area,(415) 601-9042,,1,1,1,0,0,1,0,1,1,1,0,1,0,1,1,1,0,0,0,1,1,1,0,1,1,0,1,Paid,
El Pajaro Community Development Corporation,"23 East Beach Street, Suite 209",Watsonville,CA,95076,"23 East Beach Street, Suite 209 Watsonville CA 95076 ",36.9108058,-121.7563887,Central Coast,(831) 722-1224,www.elpajarocdc.org,1,0,1,0,1,1,0,1,1,1,1,1,0,0,1,0,1,1,1,1,0,1,0,1,1,0,0,Free,http://www.changemakers.com/sites/default/files/imagecache/changemakers_teaser_tile/cdc_logo_2008_for_printing_0.jpg
Feed the Hunger Foundation,The Presidio 100 Montgomery Street,San Francisco,CA,94114,The Presidio 100 Montgomery Street San Francisco CA 94114 ,37.7994476,-122.4600083,San Francisco Bay Area,(628) 400-3843,www.feed-hunger.com,1,1,0,1,0,1,1,1,1,0,1,0,1,1,0,1,0,0,1,0,0,0,0,1,0,0,1,Traded,http://www.fresnodbh.org/wp-content/uploads/lddbd-logos/Feed-the-Hunger-Foundation.png
Fitzsimmons Coaching,4888 Kensington Drive,San Diego,CA,92116,4888 Kensington Drive San Diego CA 92116 ,32.7666899,-117.107569,San Diego Area,(619) 306-7100,www.FitzsimmonsCoaching.com,0,0,0,1,1,0,0,1,0,0,0,0,0,1,0,0,0,1,0,1,1,0,0,1,1,0,0,Free,http://fitzsimmonscoaching.com/wp-content/uploads/2015/06/FitzsimmonsCoaching_NEWlogo.png
Fresno Community Development Financial Institution,"1920 Mariposa Mall, Suite 111",Fresno,CA,93721,"1920 Mariposa Mall, Suite 111 Fresno CA 93721 ",36.7333266,-119.7918211,Central Valley,(559) 263-1030,www.fresnocdfi.com,1,1,0,0,0,1,0,0,0,0,1,0,0,1,0,0,0,1,0,1,0,1,0,1,0,0,1,Free,https://cdn.evbuc.com/eventlogos/18694721/fresnocdfilogo.jpg
Fresno County Economic Opportunities Commission,"1920 Mariposa Mall, Suite 300",Fresno,CA,93721,"1920 Mariposa Mall, Suite 300 Fresno CA 93721 ",36.7333266,-119.7918211,Central Valley,(559) 263-1030,www.fresnoeoc.org,1,0,1,0,0,0,0,1,0,0,0,0,1,0,1,0,1,0,1,0,1,1,0,1,0,0,0,Paid,http://fresnoeoc.org/files/images/Logo-Primary-Color.jpg
Fresno State University SBDC - Visalia Satellite Office,220 North Santa Fe,Visalia,CA,93292,220 North Santa Fe Visalia CA 93292 ,36.3317849,-119.2876246,Central Valley,(559) 625-3051,fresnostatesbdc.com,0,1,0,0,0,1,0,1,1,0,0,0,1,1,1,1,1,1,0,1,1,1,1,1,1,0,0,Free,http://fresnostate.edu/academics/sbdc/images/FS-SBDC_website_logo_4-28-16.png
Fresno State University Small Business Development Center (SBDC),"550 East Shaw Avenue, Suite 230",Fresno,CA,93710,"550 East Shaw Avenue, Suite 230 Fresno CA 93710 ",36.809296,-119.7783637,Central Valley,(559) 278-3712,fresnostatesbdc.com,1,1,1,0,0,0,0,1,0,0,1,0,0,1,0,1,1,0,1,0,0,1,1,1,0,1,1,Paid,http://www.fresnostate.edu/omniresources/responsive/images/fresno-state-logo.gif
Glenn County Human Resource Agency,420 East Laurel Street,Willows,CA,95988,420 East Laurel Street Willows CA 95988 ,39.516686,-122.190056,Rural North,(530) 934-1494,www.countyofglenn.net/govt/departments/gchhsa/business_services/business_services.aspx,1,1,1,0,0,0,0,1,0,0,0,1,1,1,0,1,0,1,0,0,0,1,1,1,1,0,0,Traded,
Guided Business Plan,"6775 Santa Monica Boulevard, Unit 4-214",Los Angeles,CA,90038,"6775 Santa Monica Boulevard, Unit 4-214 Los Angeles CA 90038 ",34.091071,-118.3382475,Los Angeles Basin Area,(888) 523-5244,www.guidedplans.com,0,1,0,0,1,1,1,1,0,1,1,0,0,0,0,1,1,1,1,1,0,0,0,1,0,1,0,Paid,https://media.licdn.com/media/p/4/000/1bd/069/021f7e5.png
"Indian Dispute Resolution Services, Inc. (IDRS, Inc.)",P.O. Box 877,Plymouth,CA,95669,P.O. Box 877 Plymouth CA 95669 ,38.4818531,-120.844659,Sacramento Area,(916) 482-5800,www.idrsinc.org,0,1,1,0,0,0,1,0,1,1,0,1,0,0,1,1,0,1,0,1,1,0,1,1,0,0,1,Traded,
Inland Empire Small Business Development Center (SBDC),"1650 Spruce Street, Suite 500",Riverside,CA,92506,"1650 Spruce Street, Suite 500 Riverside CA 92506 ",33.9895844,-117.3476612,Inland Empire,(951) 781-2345,www.iesmallbusiness.com,0,1,1,0,0,1,1,1,0,1,1,1,0,1,0,0,1,1,1,1,1,0,0,1,1,1,1,Traded,http://rivoed.s3.amazonaws.com/images/remote/http_rivoed.s3.amazonaws.com/partners/1404857501/sized/SBDC_960_540_75_int_s_c1.jpg
Inland Empire Women's Business Center,3780 Market Street,Riverside,CA,92501,3780 Market Street Riverside CA 92501 ,33.9827051,-117.3752646,Inland Empire,(909) 890-1242,www.iewbc.org,1,1,0,1,1,1,0,1,1,1,1,1,0,0,1,1,1,0,1,1,0,1,0,1,0,1,0,Free,http://rivoed.s3.amazonaws.com/images/remote/http_rivoed.s3.amazonaws.com/partners/1404857501/sized/SBDC_960_540_75_int_s_c1.jpg
International Rescue Committee San Diego,"5348 University Avenue, Suite 108",San Diego,CA,92105,"5348 University Avenue, Suite 108 San Diego CA 92105 ",32.7494215,-117.0811449,San Diego Area,(619) 641-7510,www.rescue.org,0,0,0,0,1,1,0,0,1,1,1,1,0,1,1,0,1,0,1,0,0,1,0,1,0,0,1,Paid,https://www.rescue.org/sites/default/files/logo.gif
Jefferson Economic Development Institute (JEDI),205 Chestnut Street,Mount Shasta,CA,96067,205 Chestnut Street Mount Shasta CA 96067 ,41.313458,-122.311424,Rural North,(530) 926-6670,www.e-jedi.org,1,0,1,1,1,0,1,0,0,1,1,0,1,0,1,1,1,0,1,1,1,0,0,1,1,1,1,Traded,http://e-jedi.org/wp-content/uploads/2015/02/logo_cut1.png
Kitchen Table Advisors,"150 Post Street, Suite 342",San Francisco,CA,94108,"150 Post Street, Suite 342 San Francisco CA 94108 ",37.7890722,-122.4046598,San Francisco Bay Area,(650) 489-5054,www.kitchentableadvisors.org,1,1,0,1,1,1,0,0,0,0,1,1,1,0,0,0,0,1,0,1,0,0,0,1,0,0,0,Traded,
Koreatown Youth & Community Center,"3727 West 6th Street, 3rd Floor",Los Angeles,CA,90020,"3727 West 6th Street, 3rd Floor Los Angeles CA 90020 ",34.0638657,-118.3037835,Los Angeles Basin Area,(213) 365-7400,www.kyccla.org,0,0,0,0,1,1,0,0,1,0,1,1,1,0,1,1,1,0,1,0,1,1,0,1,0,1,1,Paid,http://media.nbclosangeles.com/images/1200*1085/Koreatown+Youth+and+Community+Center+Logo.jpg
La Cocina,2948 Folsom Street,San Francisco,CA,94110,2948 Folsom Street San Francisco CA 94110 ,37.7501803,-122.4140972,San Francisco Bay Area,(415) 824-2729,www.lacocinasf.org,0,1,1,1,1,0,1,0,1,0,0,1,1,0,0,1,1,0,1,1,0,0,0,1,1,0,0,Free,http://www.lacocinasf.org/wp-content/uploads/2012/10/LaCocina_logo_4clr.jpg
Latinas in Business Foundation,"2700 Adams Avenue, Suite 203",San Diego,CA,92116,"2700 Adams Avenue, Suite 203 San Diego CA 92116 ",32.7631233,-117.1348898,San Diego Area,(619) 602-7932,www.latinasfoundation.org,0,1,1,0,0,0,1,1,0,1,1,1,1,1,1,1,1,0,1,0,0,0,0,1,0,1,0,Traded,http://www.latinasfoundation.org/ESW/Images/drip.jpg
Lawyers' Committee for Civil Rights - Legal Services for Entrepreneurs,"131 Steuart Street, Suite 400",San Francisco,CA,94105,"131 Steuart Street, Suite 400 San Francisco CA 94105 ",37.7930558,-122.3924477,San Francisco Bay Area,(415) 543-9444,www.lccr.com,0,0,0,0,1,0,1,1,1,0,0,1,1,1,1,1,0,0,0,0,0,1,0,1,0,0,0,Paid,http://www.lccr.com/wp-content/themes/twentythirteen-child/images/lccr_logo.png
Local Works/Share Exchange/Made Local Marketplace,533 5th Street,Santa Rosa,CA,95401,533 5th Street Santa Rosa CA 95401 ,38.4410979,-122.7152062,Rural North,(707) 331-6850,www.localeconomyinstitute.org,1,1,0,0,1,1,1,0,1,0,1,0,1,1,0,1,0,1,1,1,1,1,1,1,1,0,0,Free,http://www.shareexchange.coop/uploads/8/3/1/7/8317548/1438647293.png
Los Angeles Latino Chamber of Commerce,"634 South Spring Street, Suite 600",Los Angeles,CA,90014,"634 South Spring Street, Suite 600 Los Angeles CA 90014 ",34.0449856,-118.2514334,Los Angeles Basin Area,(213) 347-0008,www.lalcc.org,1,1,0,0,1,1,1,1,0,1,1,1,1,1,0,1,1,1,0,1,0,0,0,1,0,0,1,Free,http://lalcc.org/wp-content/uploads/2015/03/LALCC-011.png
Main Street Launch,"2101 Webster Street, Suite 1200",Oakland,CA,94612,"2101 Webster Street, Suite 1200 Oakland CA 94612 ",37.8102987,-122.2659978,San Francisco Bay Area,(510) 763-4297,www.mainstreetlaunch.org,0,0,1,0,1,1,0,1,1,0,0,0,0,0,1,0,1,0,0,0,0,0,0,1,1,1,0,Free,http://www.mainstreetlaunch.org/wp-content/uploads/2016/03/ms-launch-color-80-retina-1.png
Marian Doub Consulting,15 Mirabel Avenue,San Francisco,CA,94110,15 Mirabel Avenue San Francisco CA 94110 ,37.7463066,-122.4174893,San Francisco Bay Area,(415) 641-6032,,0,1,1,1,0,0,1,1,1,1,0,0,1,0,0,1,0,1,0,0,1,1,1,1,0,1,1,Paid,
McKenzie Consulting,7087 Black Bart Trail,Redwood Valley,CA,95470,7087 Black Bart Trail Redwood Valley CA 95470 ,39.255304,-123.154193,Rural North,(707) 972-4837,,0,0,1,0,0,0,0,1,0,1,1,1,0,0,0,0,0,1,1,0,0,1,1,1,1,0,0,Traded,http://www.globalise.com.au/images/clientlogos/mckenzie.gif
Metro-Alliance,750 Breeze Hill Road,Vista,CA,92081,750 Breeze Hill Road Vista CA 92081 ,33.1876494,-117.2580861,San Diego Area,(760) 282-4496,,0,1,1,1,0,0,0,0,1,0,0,0,0,1,1,0,1,1,1,0,1,1,1,1,0,0,1,Free,http://travelerschampionship.com/wp-content/uploads/2014/03/hartford-logo.png
MicroEnterprise Collaborative of Inland Southern California,"AmPac TriState CDC 22365 Barton Road, Suite 210",Grand Terrace,CA,92313,"AmPac TriState CDC 22365 Barton Road, Suite 210 Grand Terrace CA 92313 ",34.0332484,-117.3167857,Inland Empire,(909) 915-1706,www.microbizinsocal.org,1,0,1,0,1,0,0,1,1,0,1,1,1,0,0,1,1,1,0,1,1,1,0,1,0,0,1,Paid,http://www.microbizinsocal.org/wp-content/uploads/2016/04/MECISC_LogoReverse-sm.png
Mission Community Services Corporation,"71 Zaca Lane, Suite 130",San Luis Obispo,CA,93401,"71 Zaca Lane, Suite 130 San Luis Obispo CA 93401 ",35.2509729,-120.6730673,Central Coast,(805) 595-1357,www.mcscorp.org,1,0,1,1,0,1,0,1,0,0,1,0,1,0,0,0,1,0,1,0,0,0,1,1,0,0,1,Traded,http://www.mcscorp.org/s/lgn2.jpg
Mission Economic Development Agency (MEDA),"2301 Mission Street, Suite 301",San Francisco,CA,94110,"2301 Mission Street, Suite 301 San Francisco CA 94110 ",37.760087,-122.418806,San Francisco Bay Area,(415) 282-3334,www.medasf.org,0,0,1,0,0,0,1,1,0,1,0,0,1,1,1,1,0,1,0,1,1,1,0,1,1,0,0,Traded,http://medasf.org/redesign/wp-content/uploads/2014/01/MEDALogo_name1.png
Multi Business Solutions,"275 5th Street, Suite 202",San Francisco,CA,94102,"275 5th Street, Suite 202 San Francisco CA 94102 ",37.7807359,-122.4035957,San Francisco Bay Area,(415) 348-6270,www.mltbz.net,0,1,1,1,1,1,1,0,0,0,0,0,1,1,0,0,1,1,1,0,1,0,1,1,1,0,0,Free,http://quickbookssupportmn.com/images/mbs700_02.jpg
National Asian American Coalition (NAAC) - Daly City,"15 Southgate Avenue, Suite 200",Daly City,CA,94015,"15 Southgate Avenue, Suite 200 Daly City CA 94015 ",37.6980249,-122.4807349,San Francisco Bay Area,(650) 952-0522,www.naacoalition.org,1,1,0,0,0,0,0,0,1,0,1,0,1,1,0,1,0,1,1,1,1,0,1,1,0,0,1,Traded,http://www.naac.org/wp-content/uploads/2016/01/NAAClogo2016_header340x107.png
North Coast Small Business Development Center (SBDC),520 E Street,Eureka,CA,95501,520 E Street Eureka CA 95501 ,40.8012096,-124.1671254,Rural North,(707) 445-9720,www.northcoastsbdc.org,0,1,0,1,1,0,0,1,0,0,0,1,1,0,0,0,0,1,0,1,0,1,0,1,0,0,0,Free,http://northcoastsbdc.org/sites/default/files/North%20Coast-SBDC_logo.jpg
"Northeastern California Small Business Development Center (SBDC), San Joaquin Delta College",56 South Lincoln Street,Stockton,CA,95203,56 South Lincoln Street Stockton CA 95203 ,37.950966,-121.29688,Sacramento Area,(209) 954-5089,www.sbdc.deltacollege.edu,1,1,1,0,0,0,0,0,0,1,0,0,1,0,0,0,0,0,1,0,1,0,1,1,1,1,1,Free,http://www.leadsbdc.org/wp-content/uploads/2012/04/Color-accredited-member.jpg
North San Diego Small Business Development Center (SBDC),1823 Mission Avenue,Oceanside,CA,92058,1823 Mission Avenue Oceanside CA 92058 ,33.2032046,-117.366185,San Diego Area,(760) 795-8740,www.sandiegosmallbiz.com,1,0,0,0,1,1,0,0,1,1,0,1,0,1,1,0,1,1,0,1,1,1,1,1,1,1,1,Paid,http://sandiegosmallbiz.com/wp-content/uploads/2015/08/logo.jpg
"Opening Doors, Inc.","1111 Howe Avenue, Suite 125",Sacramento,CA,95825,"1111 Howe Avenue, Suite 125 Sacramento CA 95825 ",38.5862611,-121.4160387,Sacramento Area,(916) 492-2591,www.openingdoorsinc.com,1,0,0,1,1,0,0,1,0,1,0,1,0,0,1,1,1,0,1,1,1,1,1,1,1,1,0,Paid,http://caflm.blogs.ca.gov/files/2011/09/Opening_Doors_logo.gif
"Operation HOPE, Inc.","707 Wilshire Boulevard, 30th Floor",Los Angeles,CA,90017,"707 Wilshire Boulevard, 30th Floor Los Angeles CA 90017 ",34.0492347,-118.2569947,Los Angeles Basin Area,(213) 891-2900,www.operationhope.org,0,1,1,0,1,1,0,0,0,1,0,1,0,0,1,0,0,0,1,0,1,1,1,1,1,0,1,Free,https://www.operationhope.org/images/uploads/Logos/HOPE-Inside-small.jpg
"Operation HOPE, Inc.- Oakland",3062 East 9th Street,Oakland,CA,94601,3062 East 9th Street Oakland CA 94601 ,37.7742401,-122.2293557,San Francisco Bay Area,(510) 535-6700,www.operationhope.org,0,0,1,1,1,0,0,1,0,1,1,0,0,1,0,1,0,0,1,0,0,0,1,1,0,0,1,Paid,https://www.operationhope.org/images/uploads/Logos/HOPE-Inside-small.jpg
Opportunity Fund,"111 West St. John Street, Suite 800",San Jose,CA,95113,"111 West St. John Street, Suite 800 San Jose CA 95113 ",37.3376007,-121.8940928,San Francisco Bay Area,(408) 297-0204,www.opportunityfund.org,0,1,0,0,1,0,1,0,1,0,0,0,1,1,1,1,0,1,1,1,1,1,1,1,0,0,1,Traded,http://www.nor-calfdc.org/upload/pages/opportunity%20fund%20partners%20logo.png
Opportunity Fund - Los Angeles,"6606 Pacific Boulevard, Suite 214",Huntington Park,CA,90255,"6606 Pacific Boulevard, Suite 214 Huntington Park CA 90255 ",33.9789709,-118.2247586,Los Angeles Basin Area,(408) 297-0204,www.opportunityfund.org,0,1,1,0,1,0,1,0,0,1,1,1,1,1,0,1,1,1,0,0,1,0,1,1,0,1,0,Paid,http://www.nor-calfdc.org/upload/pages/opportunity%20fund%20partners%20logo.png
Opportunity Fund - San Francisco,"100 Bush Street, Suite 1550",San Francisco,CA,94104,"100 Bush Street, Suite 1550 San Francisco CA 94104 ",37.7914786,-122.3999468,San Francisco Bay Area,(408) 297-0204,www.opportunityfund.org,1,1,1,0,0,0,1,1,1,1,0,1,0,1,1,1,0,0,0,0,0,1,0,1,1,0,0,Traded,http://www.nor-calfdc.org/upload/pages/opportunity%20fund%20partners%20logo.png
Orange County Small Business Development Center (SBDC),"2323 North Broadway, Suite 201",Santa Ana,CA,92706,"2323 North Broadway, Suite 201 Santa Ana CA 92706 ",33.7673604,-117.8681925,Los Angeles Basin Area,(714) 564-5200,www.ocsbdc.com,0,1,1,0,1,0,0,1,0,1,0,1,1,1,1,1,1,0,1,1,1,1,1,1,0,1,1,Paid,http://ocsbdc.org/wp-content/themes/sbdc/images/oc_logo.png
Pacific Asian Consortium in Employment (PACE),"1055 Wilshire Boulevard, Suite 900B",Los Angeles,CA,90017,"1055 Wilshire Boulevard, Suite 900B Los Angeles CA 90017 ",34.0525613,-118.2627151,Los Angeles Basin Area,(213) 353-3982,www.pacela.org,1,0,1,1,0,0,0,1,1,0,1,1,0,1,0,0,0,1,0,0,1,1,0,1,1,1,0,Traded,http://pacela.org/wp-content/uploads/2016/01/logo-300px.png
Pacific Coast Regional Small Business Development Corporation (SBDC),"3255 Wilshire Boulevard, Suite 1501",Los Angeles,CA,90010,"3255 Wilshire Boulevard, Suite 1501 Los Angeles CA 90010 ",34.0622634,-118.293217,Los Angeles Basin Area,(213) 739-2999,www.pcrcorp.org,0,0,1,0,0,0,1,0,1,0,1,0,0,0,1,1,0,1,1,1,1,0,0,1,1,1,0,Paid,"https://static.wixstatic.com/media/14dfd8_62c7544c56729dd69cb8723da5364efa.png/v1/fill/w_800,h_94,al_c,usm_0.66_1.00_0.01/14dfd8_62c7544c56729dd69cb8723da5364efa.png"
Pacific Community Ventures (BusinessAdvising.org),"51 Federal Street, Suite 100",San Francisco,CA,94107,"51 Federal Street, Suite 100 San Francisco CA 94107 ",37.783505,-122.391728,San Francisco Bay Area,(415) 442-4300,www.pacificcommunityventures.org,1,0,1,0,0,0,0,0,1,1,0,0,0,0,0,1,1,1,0,1,1,1,0,1,1,0,1,Paid,https://www.pacificcommunityventures.org/wp-content/uploads/sites/6/2015/06/pcv-logo-header2.png
Paul Terry & Associates,185 Arkansas Street,San Francisco,CA,94107,185 Arkansas Street San Francisco CA 94107 ,37.7640189,-122.3984024,San Francisco Bay Area,(415) 255-0131,www.paulterry.com,0,0,1,1,1,0,0,1,0,1,0,0,1,0,1,0,1,1,0,1,0,1,0,1,0,1,1,Paid,http://www.rxousa.com/image/data/paulterry.jpg
Prospera Community Development,"1904 Franklin Street, Suite 801",Oakland,CA,94612,"1904 Franklin Street, Suite 801 Oakland CA 94612 ",37.8073568,-122.2674248,San Francisco Bay Area,(510) 329-1065,prosperacoops.org,0,1,0,1,1,0,1,1,1,1,1,1,0,1,1,0,0,0,1,1,1,0,1,1,1,0,1,Traded,https://d36ff89f97eddeaee95d-4a6d7498c2822f0d4f092500bd8afae4.ssl.cf1.rackcdn.com/Logos/client_id_49326_logo_1455127139.0774.png
Redwood Regional Economic Development Commission,520 E Street,Eureka,CA,95501,520 E Street Eureka CA 95501 ,40.8012096,-124.1671254,Rural North,(707) 445-9651,www.rredc.com,1,0,1,1,0,1,0,1,0,1,1,1,0,1,0,0,1,1,0,0,1,0,1,1,0,1,0,Paid,http://rredc.com/sites/default/files/rredc-logo.png
Renaissance Bayview Center,1325-B Evans Avenue,San Francisco,CA,94124,1325-B Evans Avenue San Francisco CA 94124 ,37.7397851,-122.3833721,San Francisco Bay Area,(415) 647-3728,www.rencenter.org,0,0,1,1,0,1,0,0,1,1,0,1,1,0,1,1,0,0,0,0,1,1,1,1,1,1,0,Free,http://www.rencenter.org/wp-content/themes/rencenter/img/logo.png
Renaissance Entrepreneurship Center,275 5th Street,San Francisco,CA,94103,275 5th Street San Francisco CA 94103 ,37.7807359,-122.4035957,San Francisco Bay Area,(415) 541-8580,www.rencenter.org,1,0,1,1,0,1,1,1,0,1,1,0,0,1,1,1,0,1,1,1,1,1,0,1,0,1,0,Free,http://www.rencenter.org/wp-content/themes/rencenter/img/logo.png
Renaissance Mid-Peninsula,1848 Bay Road,East Palo Alto,CA,94303,1848 Bay Road East Palo Alto CA 94303 ,37.4721281,-122.1334447,San Francisco Bay Area,(650) 321-2193,www.rencenter.org,0,0,1,0,0,1,1,0,0,0,1,1,0,1,0,0,1,0,0,1,0,0,1,1,0,0,1,Free,http://www.rencenter.org/wp-content/themes/rencenter/img/logo.png
Renaissance Richmond,1500 MacDonald Avenue,Richmond,CA,94801,1500 MacDonald Avenue Richmond CA 94801 ,37.9354439,-122.355024,San Francisco Bay Area,(510) 221-2000,www.rencenter.org,1,1,0,0,1,0,1,1,0,1,0,0,1,0,0,1,1,1,0,0,0,0,0,1,0,1,1,Free,http://www.rencenter.org/wp-content/themes/rencenter/img/logo.png
RISE Financial Pathways,4060 South Figueroa Street,Los Angeles,CA,90037,4060 South Figueroa Street Los Angeles CA 90037 ,34.0099248,-118.2824779,Los Angeles Basin Area,(323) 233-1900,www.risela.org,1,0,0,0,0,0,1,0,0,0,0,0,0,1,0,0,1,0,0,1,0,0,1,1,1,1,1,Paid,http://images.huffingtonpost.com/2014-01-10-RISE.png
Riverside Small Business Development Center (SBDC),3780 Market Street,Riverside,CA,92501,3780 Market Street Riverside CA 92501 ,33.9827051,-117.3752646,Inland Empire,(951) 781-2345,www.iesmallbusiness.com,1,1,1,1,0,1,1,1,0,0,0,1,0,0,0,1,1,0,0,1,1,1,0,1,0,0,1,Free,http://www.iesmallbusiness.com/wp-content/themes/sbdc/images/ie_logo.png
Ruby Road Leadership,P.O. Box 90746,Santa Barbara,CA,93190,P.O. Box 90746 Santa Barbara CA 93190 ,34.42,-119.7,Central Coast,(805) 455-8381,,0,1,1,0,0,0,1,1,0,0,0,1,1,1,1,1,0,0,1,0,1,0,1,1,1,1,1,Paid,"https://lh3.googleusercontent.com/LIKaQ-vUEG14zHuAlAAOibKQrCtWno9fVa3rDg_0Bm0aQrp3RaRMWAWphlUTKvOPo8w=s630-fcrop64=1,003e0000ffc0ffff"
San Diego & Imperial Counties Small Business Development Centers (SBDCs),"Southwestern College 880 National City Boulevard, Suite 103",National City,CA,91950,"Southwestern College 880 National City Boulevard, Suite 103 National City CA 91950 ",32.6751517,-117.1069099,San Diego Area,(619) 482-6391,www.growmybiz.org,0,0,0,0,0,1,1,1,0,1,0,0,1,0,1,0,1,1,1,0,0,1,1,1,0,0,1,Free,http://sandiegosbdc.org/wp-content/uploads/2015/07/south-san-diego-logo.jpg
San Diego Center for International Trade Development (CITD),"Southwestern College 900 Otay Lakes Road, Building 660",Chula Vista,CA,91910,"Southwestern College 900 Otay Lakes Road, Building 660 Chula Vista CA 91910 ",32.6378381,-116.9977549,San Diego Area,(619) 482-6393,www.sandiegocitd.org,0,0,1,0,1,0,0,0,0,0,0,1,0,1,1,0,1,0,1,0,1,0,0,1,0,1,0,Free,http://citd.org/wp-content/uploads/2013/10/CITD-Logo-Statewide.jpg
San Francisco Launch,"One Market Street, Suite 3603",San Francisco,CA,94105,"One Market Street, Suite 3603 San Francisco CA 94105 ",37.7938462,-122.3948366,San Francisco Bay Area,(415) 213-8677,www.basbf.com,1,1,0,1,1,0,0,1,0,0,0,1,1,1,1,1,0,1,0,1,1,1,1,1,0,1,0,Free,http://www.mainstreetlaunch.org/wp-content/uploads/2016/03/ms-launch-color-80-retina-1.png
San Francisco LGBT Community Center,1800 Market Street,San Francisco,CA,94102,1800 Market Street San Francisco CA 94102 ,37.7717121,-122.4241032,San Francisco Bay Area,(415) 865-5555,www.sfcenter.org,0,1,1,1,0,0,0,0,0,1,1,1,0,1,1,0,1,0,1,1,0,0,1,1,0,1,0,Traded,http://www.sfcenter.org/sites/default/files/thecenterlogosmall_0.JPG
San Francisco Small Business Development Center (SBDC),"1 Dr. Carlton B. Goodlett Place, Suite 110",San Francisco,CA,94102,"1 Dr. Carlton B. Goodlett Place, Suite 110 San Francisco CA 94102 ",37.7792597,-122.4192647,San Francisco Bay Area,(415) 937-7232,sf.norcalsbdc.org,0,1,1,1,1,0,0,1,1,1,0,0,1,0,0,1,1,1,0,0,0,1,1,1,0,1,1,Free,https://sfsbdc.globalclassroom.us/portal/thumb.php?type=logobyid&id=819&v=9
San Joaquin Delta College,5151 Pacific Avenue,Stockton,CA,95207,5151 Pacific Avenue Stockton CA 95207 ,37.995364,-121.319324,Central Valley,(209) 481-9605,www.smallbusinesssector.net,0,1,0,1,1,0,1,1,1,1,1,1,1,1,0,0,1,1,1,1,1,0,0,1,1,1,0,Paid,http://www.smallbusinesssector.net/images/header_logo.jpg
San Mateo Small Business Development Center (SBDC),1700 West Hillsdale Boulevard,San Mateo,CA,94402,1700 West Hillsdale Boulevard San Mateo CA 94402 ,37.5350511,-122.335123,San Francisco Bay Area,(650) 574-6402,www.sanmateosbdc.org,1,0,0,1,0,1,1,1,0,0,0,1,0,0,1,0,1,1,1,1,0,0,1,1,0,1,0,Traded,https://media.licdn.com/media/p/8/005/054/207/039588c.png
Santa Cruz Community Credit Union,324 Front Street,Santa Cruz,CA,95060,324 Front Street Santa Cruz CA 95060 ,36.970067,-122.0236188,Central Coast,(831) 425-7708,www.scccu.org,1,1,1,0,1,1,1,1,0,0,0,0,1,0,1,1,1,1,0,1,0,0,0,1,1,0,1,Free,https://www.scccu.org/custom/scccu/image/logo.png
Search to Involve Pilipino Americans,3200-A West Temple Street,Los Angeles,CA,90026,3200-A West Temple Street Los Angeles CA 90026 ,34.0752651,-118.2816342,Los Angeles Basin Area,(213) 382-1819,www.esipa.org,0,1,0,1,0,0,1,1,1,0,0,0,0,1,1,1,0,0,0,0,1,1,0,1,0,0,1,Traded,http://www.bakitwhy.com/sites/default/files/SIPA%20Logo.jpg
Self-Help / Community Trust,"1330 Broadway, Suite 604",Oakland,CA,94612,"1330 Broadway, Suite 604 Oakland CA 94612 ",37.8039209,-122.2708265,San Francisco Bay Area,(510) 379-5540,www.self-helpfcu.org,1,1,0,1,0,1,0,0,0,1,0,0,1,1,1,0,1,1,1,1,0,0,1,1,0,0,1,Free,https://www.self-helpfcu.org/Sitefinity/WebsiteTemplates/self-help/App_Themes/self-help/img/logo.png
Self-Help / Community Trust - Porterville,182 North Main Street,Porterville,CA,93257,182 North Main Street Porterville CA 93257 ,36.0686719,-119.0158892,Central Valley,(559) 784-0324,www.self-helpfcu.org/communitytrust,0,1,1,0,0,1,0,1,0,1,0,1,0,0,1,1,1,1,1,0,0,1,0,1,0,1,0,Traded,https://www.self-helpfcu.org/Sitefinity/WebsiteTemplates/self-help/App_Themes/self-help/img/logo.png
Sierra Business Council,"10183 Truckee Airport Road, Suite 202",Truckee,CA,96161,"10183 Truckee Airport Road, Suite 202 Truckee CA 96161 ",39.3169054,-120.1461501,Sacramento Area,(530) 582-4800,sierrasbdc.com,1,0,1,0,1,0,1,0,1,1,0,1,1,1,0,0,0,1,0,1,0,0,0,1,0,0,1,Traded,http://sierrasbdc.com/assets/images/logo.png
Sierra College Center for Applied Competitive Technologies,5000 Rocklin Road,Rocklin,CA,95677,5000 Rocklin Road Rocklin CA 95677 ,38.7909582,-121.2108647,Sacramento Area,(916) 660-7801,sierracollegetraining.com,0,0,0,1,0,1,0,0,0,0,0,0,1,0,0,1,0,0,0,0,0,0,1,1,1,1,0,Free,http://additivemanufacturingtoday.com/images/articles/logos/sierra-college.jpg
Sierra Economic Development Corporation (SEDCorp),"560 Wall Street, Suite F",Auburn,CA,95603,"560 Wall Street, Suite F Auburn CA 95603 ",38.909365,-121.074902,Sacramento Area,(530) 823-4703,www.sedcorp.biz,0,0,1,0,1,0,1,1,0,0,0,1,1,0,1,0,1,1,0,0,0,0,1,1,0,0,0,Paid,https://www.nevadacitychamber.com/wp-content/uploads/2014/06/SEDCorpLogo-300x110.png
Small Business Development Centers (SBDCs) of Northern California,"1 Harpst Street, House 71",Arcata,CA,95521,"1 Harpst Street, House 71 Arcata CA 95521 ",40.876964,-124.0791722,Rural North,(707) 826-3919,www.norcalsbdc.org,1,0,0,0,1,0,0,0,0,0,0,0,1,1,0,0,0,0,0,1,0,1,0,1,0,0,1,Paid,http://www.westcompany.org/wp-content/uploads/2015/08/Mendocino_SBDC_Color.png
"State Assistance Fund for Enterprise, Business and Industrial Development Corporation (SAFE-BIDCO)","1377 Corporate Center Parkway, Suite A",Santa Rosa,CA,95407,"1377 Corporate Center Parkway, Suite A Santa Rosa CA 95407 ",38.4176701,-122.7538842,Rural North,(707) 577-8621,www.safe-bidco.com,1,0,1,1,1,1,1,0,1,1,0,1,1,1,0,1,0,0,0,0,0,1,0,1,0,1,0,Free,http://www.safe-bidco.com/enews/2013_04/images/banner_left.gif
Superior California Economic Development District,"350 Hartnell Avenue, Suite A",Redding,CA,96002,"350 Hartnell Avenue, Suite A Redding CA 96002 ",40.565781,-122.370191,Rural North,(530) 225-2760,www.scedd.org,1,1,0,0,0,0,1,1,0,0,1,1,1,1,0,1,0,0,1,0,0,1,1,1,1,0,1,Traded,http://www.scedd.org/images/spacer.gif
Susan Brown Consulting,P.O. Box 1366,Mount Shasta,CA,96067,P.O. Box 1366 Mount Shasta CA 96067 ,41.3098746,-122.3105666,Rural North,(530) 925-2530,www.susanrileybrown.com,0,1,0,1,1,1,0,1,0,0,0,0,1,1,1,0,1,1,0,1,0,0,1,1,1,0,0,Free,
Technical Resource and Assistance Center,1444 Fulton Street,Fresno,CA,93721,1444 Fulton Street Fresno CA 93721 ,36.7388761,-119.7952118,Central Valley,(559) 440-6143,www.vsbdc.com,1,1,1,1,1,1,0,1,1,0,0,0,1,1,0,1,1,0,1,0,1,0,1,1,0,1,0,Paid,http://www.vsbdc.com/wp-content/uploads/2013/05/vsbdc-logo.png
Terra Green Community Development Corporation,117 Cardigan Bay,Alameda,CA,94502,117 Cardigan Bay Alameda CA 94502 ,37.738774,-122.248003,San Francisco Bay Area,(510) 715-5659,www.terragreencdc.org,1,1,0,0,0,0,1,0,0,1,0,0,0,1,0,1,1,0,0,1,1,1,0,1,1,1,1,Paid,http://www.terragreencdc.org/yahoo_site_admin/assets/images/Terra_Green_Logo2.191111818_std.jpg
Thai Community Development Center,"6376 Yucca Street, Suite B",Los Angeles,CA,90028,"6376 Yucca Street, Suite B Los Angeles CA 90028 ",34.1037094,-118.3291788,Los Angeles Basin Area,(323) 468-2555,www.thaicdc.org,1,1,0,1,1,1,0,0,1,0,1,0,0,1,0,1,1,1,0,1,1,0,0,1,0,0,0,Traded,http://thaicdc.org/wp-content/uploads/2015/03/thaicdclargelogo.jpg
The Jonas Project,425 East 4th Street,Long Beach,CA,90802,425 East 4th Street Long Beach CA 90802 ,33.7719195,-118.186856,Los Angeles Basin Area,(323) 600-4718,www.thejonasproject.org,1,0,0,0,1,0,0,1,0,0,0,1,0,0,0,1,0,0,0,1,0,0,1,1,1,1,1,Paid,http://thejonasproject.org/wp-content/uploads/2013/03/cropped-tjp_logo1.png
The Jonas Project - Bay Area,171 Alma Street,Palo Alto,CA,94301,171 Alma Street Palo Alto CA 94301 ,37.4461324,-122.167777,San Francisco Bay Area,,thejonasproject.org,0,0,1,1,1,1,1,0,1,1,0,1,1,0,0,0,0,1,0,0,1,0,1,1,0,0,0,Free,http://thejonasproject.org/wp-content/uploads/2013/03/cropped-tjp_logo1.png
TMC Development Working Solutions,1500 Mission Street,San Francisco,CA,94103,1500 Mission Street San Francisco CA 94103 ,37.7743989,-122.4179095,San Francisco Bay Area,(415) 655-5473,www.workingsolutions.org,0,0,0,1,0,1,1,1,1,0,0,0,1,0,1,1,1,0,0,0,0,1,0,1,1,1,0,Paid,http://static1.squarespace.com/static/5320e3ede4b004631b758690/t/534f0ee8e4b0021ca5369586/1468003343806/?format=1500w
TMC Development Working Solutions - North Bay,San Rafael Chamber 817 Mission Avenue,San Rafael,CA,94901,San Rafael Chamber 817 Mission Avenue San Rafael CA 94901 ,37.9742413,-122.524258,San Francisco Bay Area,(415) 655-5445,www.workingsolutions.org,0,1,0,0,0,0,1,1,1,1,0,0,0,0,0,1,0,1,0,1,0,1,0,1,1,0,1,Traded,http://static1.squarespace.com/static/5320e3ede4b004631b758690/t/534f0ee8e4b0021ca5369586/1468003343806/?format=1500w
Tuolumne County Economic Development Authority (TCEDA),99 North Washington Street,Sonora,CA,95370,99 North Washington Street Sonora CA 95370 ,37.9866217,-120.3839096,Sacramento Area,(209) 989-4058,www.tceda.net,1,1,0,0,0,0,0,1,1,1,1,0,1,1,0,0,1,0,1,0,1,0,0,1,0,0,0,Paid,http://tceda.net/wp-content/uploads/2015/07/TCEDA_Black-e1435873422116.png
UC Merced Small Business Development Center (SBDC),"550 East Shaw Avenue, Suite 100",Fresno,CA,93710,"550 East Shaw Avenue, Suite 100 Fresno CA 93710 ",36.809296,-119.7783637,Central Valley,(559) 241-7414,sbdc.ucmerced.edu,1,0,0,1,0,1,1,1,1,0,1,0,0,0,0,0,1,0,1,1,1,1,0,1,1,0,1,Traded,http://sbdc.ucmerced.edu/sites/sbdc.ucmerced.edu/files/images/ucm_color_logo_appropriately_sized_for_web_use.jpg
Uptima Business Bootcamp,2323 Broadway,Oakland,CA,94612,2323 Broadway Oakland CA 94612 ,37.8126403,-122.2665668,San Francisco Bay Area,(510) 227-7027,uptimabootcamp.com,0,1,0,0,1,1,0,0,1,1,1,1,0,1,1,0,1,0,1,0,1,0,1,1,0,1,1,Paid,http://uptimabootcamp.com/wp-content/uploads/2016/01/lg-uptima.svg
Urban FIRE,6031 Christie Avenue,Emeryville,CA,94608,6031 Christie Avenue Emeryville CA 94608 ,37.840846,-122.29517,San Francisco Bay Area,(510) 919-1683,,0,1,1,1,1,1,1,0,0,0,1,1,0,1,1,1,1,0,1,1,1,0,0,1,0,1,1,Paid,https://lh3.googleusercontent.com/-3X9FQ8_XZTw/VFOJV8Rwa0I/AAAAAAAAABU/OMvhzqx1Isg/w677-h677/UF%2BBlack%2BRetina%2Blogo%2B200x200-01.jpg
Urban Solutions,"1167 Mission Street, Suite 200",San Francisco,CA,94103,"1167 Mission Street, Suite 200 San Francisco CA 94103 ",37.777845,-122.4123894,San Francisco Bay Area,(415) 553-4433,www.urbansolutionssf.org,0,1,0,0,1,1,1,1,0,0,1,0,1,0,0,1,1,1,0,0,0,0,1,1,0,1,0,Paid,http://www.urbansolutionssf.org/wp-content/uploads/2015/01/Urban-Solutions-Logo-Updated.png
Valley Small Business Development Corporation,7035 North Fruit Avenue,Fresno,CA,93711,7035 North Fruit Avenue Fresno CA 93711 ,36.837921,-119.8178768,Central Valley,(559) 438-9680,www.vsbdc.com,0,0,1,0,1,0,1,1,0,0,0,0,1,1,1,1,1,0,1,0,0,1,0,1,0,0,0,Traded,http://www.vsbdc.com/wp-content/uploads/2013/05/vsbdc-logo.png
VEDC,"5121 Van Nuys Boulevard, Third Floor",Van Nuys,CA,91403,"5121 Van Nuys Boulevard, Third Floor Van Nuys CA 91403 ",34.1423899,-118.4571974,Los Angeles Basin Area,(818) 907-9977,www.vedc.org,1,0,0,1,1,0,0,1,0,1,1,1,0,0,1,0,1,0,1,0,1,0,0,1,0,0,0,Free,http://www.vedc.org/getmedia/9068c8c2-8d6f-480d-af4e-307814d48065/vedc_logo.aspx
Vermont Slauson Economic Development Corporation,1130 West Slauson Avenue,Los Angeles,CA,90037,1130 West Slauson Avenue Los Angeles CA 90037 ,33.9888883,-118.2949462,Los Angeles Basin Area,(323) 753-2335,www.vsedc.org,1,0,1,1,1,1,1,0,0,0,0,0,1,0,0,0,1,0,1,1,0,1,0,1,1,1,1,Traded,http://www.vsedc.org/images/vermont%20slauson%20edc_logo-color.png
West Angeles CDC,6028 Crenshaw Boulevard,Los Angeles,CA,90043,6028 Crenshaw Boulevard Los Angeles CA 90043 ,33.9843282,-118.3304169,Los Angeles Basin Area,(323) 751-3440,www.westangelescdc.org,0,0,1,0,1,0,1,1,0,1,1,1,0,0,1,1,1,1,0,0,1,0,1,1,0,0,1,Paid,http://www.westangelescdc.org/images/header.jpg
West Company,760B Stewart Street,Fort Bragg,CA,95437,760B Stewart Street Fort Bragg CA 95437 ,39.4504304,-123.8067904,Rural North,(707) 964-7571,www.westcompany.org,1,0,0,1,1,1,1,1,0,1,0,1,1,1,0,1,0,0,0,0,1,0,0,1,1,0,1,Paid,http://www.westcompany.org/wp-content/uploads/2015/08/WestCo_logoTKT-2015-full-black.png
Women's Economic Ventures,333 South Salinas Street,Santa Barbara,CA,93103,333 South Salinas Street Santa Barbara CA 93103 ,34.423559,-119.668479,Central Coast,(805) 965-6073,www.wevonline.org,1,0,0,0,1,1,0,1,0,0,0,0,0,0,1,1,0,1,0,0,1,0,0,1,0,0,1,Traded,http://impreza.us-themes.com/wp-content/uploads/logo_1.png
Women's Economic Ventures - Ventura,"290 Maple Court, Suite 158",Ventura,CA,93003,"290 Maple Court, Suite 158 Ventura CA 93003 ",34.2696861,-119.2448129,Los Angeles Basin Area,(805) 667-8004,www.wevonline.org,0,0,0,1,1,0,1,0,1,0,1,1,1,0,1,1,1,0,1,1,1,1,0,1,1,1,1,Traded,http://impreza.us-themes.com/wp-content/uploads/logo_1.png
Youth Business USA,2323 Broadway Avenue,Oakland,CA,94612,2323 Broadway Avenue Oakland CA 94612 ,37.8126403,-122.2665668,San Francisco Bay Area,(510) 379-8952,www.ybusa.org,0,0,1,0,1,1,0,1,0,0,0,0,1,0,0,0,1,1,0,0,1,0,0,1,1,1,1,Traded,https://media.licdn.com/media/AAEAAQAAAAAAAAJ6AAAAJDIyNGUyZTQzLTk4ZDEtNDlkYS1iYjc5LTA0YmQ5YjU3NTkxMw.png